comment_num,name,price,shop
1800+,美大 （MEIDA）集成灶G6Z 5586Z 飞腾蒸箱款 燃气灶烟灶 抽油烟机 集成灶 官配 黑色 天然气,12180.00,美大官方旗舰店
1700+,美大 （MEIDA）集成灶 集成一体灶 燃气灶烟灶 抽油烟机  G5/5585飞扬 消毒柜款 官配 天然气,7699.00,美大旗舰店
300+,美大（MEIDA）时尚先锋 JJZT-1209F 侧吸抽油烟机燃气灶烘干碗柜一体集成灶不锈钢台面 天然气,6780.00,美大集成灶京东自营...
2100+,美大 （MEIDA）集成灶G3飞星 钢化玻璃台面 侧吸下排烟机燃气灶消毒 集成一体灶 官配 黑色 管道天然气+天然气,8649.00,美大官方旗舰店
300+,美大 MEIDA G1 JJZT-55811 下排侧吸抽油烟机燃气灶消毒柜一体集成灶钢化玻璃台面 天然气,7699.00,美大集成灶京东自营...
1700+,美大 （MEIDA）集成灶 集成一体灶 燃气灶烟灶 抽油烟机  G5/5585飞扬 消毒柜款 官配 液化气,7699.00,美大旗舰店
500+,美大 （MEIDA）集成灶 集成一体灶 燃气灶烟灶 抽油烟机 G55Z/55855Z飞扬蒸箱款 官配 天然气,11680.00,美大旗舰店
3400+,美大 （MEIDA）时尚之星1209E不锈钢台面 侧吸下排集成灶烟机燃气灶消毒柜高端集成 黑色 天然气,7630.00,美大官方旗舰店
40+,美大（MEIDA）时尚先锋 JJZY-1209F 侧吸抽油烟机燃气灶烘干碗柜一体集成灶不锈钢台面 液化气,6780.00,美大集成灶京东自营...
1800+,美大 （MEIDA）集成灶G6Z 5586Z 飞腾蒸箱款 燃气灶烟灶 抽油烟机 集成灶 官配 黑色 延迟发货,12180.00,美大官方旗舰店
700+,美大 （MEIDA）集成灶 集成一体灶 燃气灶烟灶 抽油烟机 G55Z/55855Z飞扬蒸箱款 官配 液化气,11680.00,美大旗舰店
1800+,美大 MEIDA 飞燕 JJZT-3308Z 侧吸抽油烟机燃气灶电蒸箱一体集成灶玻璃台面 天然气,14980.00,美大集成灶京东自营...
1800+,美大 （MEIDA）集成灶G6Z 5586Z 飞腾蒸箱款 燃气灶烟灶 抽油烟机 集成灶 官配 黑色 液化气,12180.00,美大官方旗舰店
40+,美大 MEIDA 智尊 JJZT-2201A 分体式下排侧吸抽油烟机燃气灶具套装一体集成灶钢化玻璃台面 天然气,5880.00,美大集成灶京东自营...
2000+,美大 （MEIDA）集成灶 燃气灶烟灶 抽油烟机 集成一体灶 1209E时尚之星 消毒柜款 官配 黑色 液化气,8190.00,美大官方旗舰店
20+,美大 MEIDA G1 JJZT-55811 下排侧吸抽油烟机燃气灶消毒柜一体集成灶钢化玻璃台面 液化气,7699.00,美大集成灶京东自营...
2000+,美大 （MEIDA）集成灶 燃气灶烟灶 抽油烟机 集成一体灶 1209E时尚之星 消毒柜款 官配 黑色 天然气,8190.00,美大官方旗舰店
100+,美大 MEIDA  新贵族 JJZT-1204C  环吸抽油烟机燃气灶储藏柜一体集成灶不锈钢台面 天然气,4980.00,美大集成灶京东自营...
2,美大（Meida）G5Z  JJZT-5585Z 飞扬蒸箱款 集成灶燃气灶烟灶 抽油烟机  天然气,11800.00,美大集成灶京东自营...
50+,美大 （MEIDA）美大集成灶钢化玻璃台面 侧吸下排集成灶-750 官配 天然气,7590.00,美大旗舰店
100+,美大 （MEIDA)集成灶 集成一体灶燃气灶 烟灶 抽油烟机 G5飞扬JJZT-5585 黑色 天然气,7699.00,美大京东旗舰店
3400+,美大 （MEIDA）时尚之星1209E不锈钢台面 侧吸下排集成灶烟机燃气灶消毒柜高端集成 镜面色 人工煤气,7630.00,美大官方旗舰店
20+,美大 （MEIDA）集成灶一体灶 燃气灶烟灶 抽油烟机  蒸箱燃气灶 时尚米兰1509Z 官配 延迟发货,14600.00,美大旗舰店
3,美大 MEIDA MJS-900S集成水槽一体式厨房集成水槽双槽家用,7280.00,美大集成灶京东自营...
900+,美大 （MEIDA）集成灶 燃气灶烟灶 抽油烟机 集成一体灶 1302飞弧 消毒柜款 官配 黑色 天然气,9949.00,美大官方旗舰店
20+,美大 （MEIDA）集成灶 集成一体灶 燃气灶烟灶 抽油烟机  时尚米兰1509 黑色 延迟发货,10660.00,美大旗舰店
4,美大 MEIDA 飞燕 JJZT-3308Z 侧吸抽油烟机燃气灶电蒸箱一体集成灶玻璃台面 液化气,14980.00,美大集成灶京东自营...
900+,美大 （MEIDA）集成灶 燃气灶烟灶 抽油烟机 集成一体灶 1302飞弧 消毒柜款 官配 黑色 液化气,9949.00,美大官方旗舰店
50+,美大 （MEIDA）智尊1集成灶分体式抽油烟机灶具套装玻璃面 2201A 官配 液化气,6380.00,美大旗舰店
0,美大 MEIDA 新贵族 JJZT-1204C 环吸抽油烟机燃气灶储藏柜一体集成灶不锈钢台面 液化气,4980.00,美大集成灶京东自营...
2100+,美大 （MEIDA）集成灶G3飞星 钢化玻璃台面 侧吸下排烟机燃气灶消毒 集成一体灶 官配 黑色 罐装液化气+液化气,8649.00,美大官方旗舰店
50+,美大 （MEIDA）智尊1集成灶分体式抽油烟机灶具套装玻璃面 2201A 官配 天然气,6380.00,美大旗舰店
3400+,美大 （MEIDA）时尚之星1209E不锈钢台面 侧吸下排集成灶烟机燃气灶消毒柜高端集成 黑色 液化气,7630.00,美大官方旗舰店
50+,美大 （MEIDA）智尊1集成灶分体式抽油烟机灶具套装玻璃面 2201A 官配 延迟发货,6380.00,美大旗舰店
300+,美大 （MEIDA）集成灶 燃气灶单灶 抽油烟机 集成一体灶 2204A智尊消毒柜款 小尺寸 官配 黑色 天然气,5480.00,美大官方旗舰店
50+,美大 （MEIDA）美大集成灶钢化玻璃台面 侧吸下排集成灶-750 官配 延迟发货,7590.00,美大旗舰店
3400+,美大 （MEIDA）时尚之星1209E不锈钢台面 侧吸下排集成灶烟机燃气灶消毒柜高端集成 镜面色 液化气,7630.00,美大官方旗舰店
50+,美大 （MEIDA）美大集成灶钢化玻璃台面 侧吸下排集成灶-750 官配 液化气,7590.00,美大旗舰店
3400+,美大 （MEIDA）时尚之星1209E不锈钢台面 侧吸下排集成灶烟机燃气灶消毒柜高端集成 镜面色 天然气,7630.00,美大官方旗舰店
40+,美大 （MEIDA）美大集成灶 飞天蒸箱款 1301Z 集成灶侧吸式蒸箱一体机 1301Z 液化气,17300.00,美大旗舰店
3400+,美大 （MEIDA）时尚之星1209E不锈钢台面 侧吸下排集成灶烟机燃气灶消毒柜高端集成 黑色 人工煤气,7630.00,美大官方旗舰店
1200+,美大 （MEIDA）世纪经典1205E环吸集成灶 抽油烟机 燃气灶消毒柜集成一体灶 黑色 天然气,8199.00,美大官方旗舰店
30+,美大 （MEIDA）美大集成灶 飞天蒸箱款 1301Z 集成灶侧吸式蒸箱一体机 1301Z 天然气,17300.00,美大旗舰店
1200+,美大 （MEIDA）世纪经典1205E环吸集成灶 抽油烟机 燃气灶消毒柜集成一体灶 镜面色 液化气,8199.00,美大官方旗舰店
30+,美大 （MEIDA）美大集成灶 飞天蒸箱款 1301Z 集成灶侧吸式蒸箱一体机 1301Z 延迟发货,17300.00,美大旗舰店
1200+,美大 （MEIDA）世纪经典1205E环吸集成灶 抽油烟机 燃气灶消毒柜集成一体灶 黑色 液化气,8199.00,美大官方旗舰店
20+,美大 （MEIDA）集成灶 集成一体灶 燃气灶烟灶 抽油烟机  时尚米兰1509 黑色 液化气,10660.00,美大旗舰店
1200+,美大 （MEIDA）世纪经典1205E环吸集成灶 抽油烟机 燃气灶消毒柜集成一体灶 镜面色 天然气,8199.00,美大官方旗舰店
20+,美大 （MEIDA）集成灶 集成一体灶 燃气灶烟灶 抽油烟机  时尚米兰1509 黑色 天然气,10660.00,美大旗舰店
300+,美大 （MEIDA）时尚之星1209E 钢化玻璃台面 +嵌入式电烤箱MDDK-60A套装 黑色 天然气,16280.00,美大官方旗舰店
0,美大集成一体灶以旧换新礼包链接 官配,1.00,美大旗舰店
300+,美大 （MEIDA）集成灶 燃气灶单灶 抽油烟机 集成一体灶 2204A智尊消毒柜款 小尺寸 官配 黑色 液化气,5480.00,美大官方旗舰店
10+,美大 （MEIDA） 美大集成灶一体灶 抽油烟机  燃气灶 飞燕蒸箱款 3308Z 3308Z 天然气,15780.00,美大旗舰店
100+,美大 （MEIDA）集成灶 燃气灶单灶 抽油烟机 集成一体灶分体式 2201A智尊  官配 黑色 天然气,6730.00,美大官方旗舰店
20+,美大 （MEIDA）集成灶一体灶 燃气灶烟灶 抽油烟机  蒸箱燃气灶 时尚米兰1509Z 官配 液化气,14600.00,美大旗舰店
10+,美大 （MEIDA）G6蒸箱款 钢化玻璃台面 +嵌入式电烤箱MDDK-60A套装 天然气,19360.00,美大官方旗舰店
10+,美大 （MEIDA） 美大集成灶一体灶 抽油烟机  燃气灶 飞燕蒸箱款 3308Z 3308Z 延迟发货,15780.00,美大旗舰店
20+,美大 （MEIDA）集成水槽洗碗机  智能除菌烘干家用洗碗机  900JX 官配,16480.00,美大官方旗舰店
10+,美大 （MEIDA） 美大集成灶一体灶 抽油烟机  燃气灶 飞燕蒸箱款 3308Z 3308Z 液化气,15780.00,美大旗舰店
100+,美大 （MEIDA）集成灶 燃气灶单灶 抽油烟机 集成一体灶分体式 2201A智尊  官配 黑色 液化气,6730.00,美大官方旗舰店
0,方太集成灶一体机烹饪中心方太一体机集成油烟机燃气灶蒸烤一体智控烟灶蒸箱烤箱一体机X1+X2.I,19800.00,方太官方旗舰店
0,方太集成灶一体机方太集成烹饪中心集成一体油烟机燃气灶蒸烤一体智控蒸箱烤箱一体机X2+X2.I,18800.00,方太官方旗舰店
0,方太（FOTILE）集成灶集成烹饪中心集成烟机灶具蒸烤一体灶X2+X2.I,18800.00,方太厨卫旗舰店
0,方太（FOTILE）集成灶集成烹饪中心集成烟机灶具蒸烤一体灶智控套餐X1+X2.I,19800.00,方太厨卫旗舰店
20+,美大 （MEIDA）集成灶一体灶 燃气灶烟灶 抽油烟机  蒸箱燃气灶 时尚米兰1509Z 官配 天然气,,美大旗舰店
100+,美大 （MEIDA）集成灶 燃气灶单灶 抽油烟机 集成一体灶 1204D 新贵族 消毒柜款 小尺寸 黑色 天然气,,美大官方旗舰店
100+,美大 （MEIDA）集成灶 燃气灶单灶 抽油烟机 集成一体灶 1204D 新贵族 消毒柜款 小尺寸 黑色 液化气,,美大官方旗舰店
100+,美大 （MEIDA）集成灶 燃气灶烟灶 抽油烟机 集成一体灶 750 抽油烟机小尺寸 黑色 天然气,,美大官方旗舰店
100+,美大 （MEIDA）集成灶 燃气灶烟灶 抽油烟机 集成一体灶 750 抽油烟机小尺寸 黑色 液化气,,美大官方旗舰店
0,美大 （MEIDA）时尚之星1209E 钢化玻璃台面 +家用净水器直饮机 新品758B 天然气,15670.00,美大官方旗舰店
60+,美大 （MEIDA）时尚之星1209E不锈钢台面+嵌入式电烤箱MDDK-60A套装 黑色 天然气,15800.00,美大官方旗舰店
60+,美大 （MEIDA）时尚之星1209E不锈钢台面+嵌入式电烤箱MDDK-60A套装 镜面色 天然气,15800.00,美大官方旗舰店
0,美大 （MEIDA）G3 钢化玻璃台面 +嵌入式电烤箱MDDK-60A套装 液化气,17170.00,美大官方旗舰店
0,美大 （MEIDA）G6蒸箱款 钢化玻璃台面 + 家用净水器直饮机 新品758B 天然气,19560.00,美大官方旗舰店
0,美大 （MEIDA）G3 钢化玻璃台面 +嵌入式电烤箱MDDK-60A套装 天然气,17170.00,美大官方旗舰店
0,美大 （MEIDA）G3钢化玻璃台面+900JX集成水槽洗碗机 黑色 液化气,29570.00,美大官方旗舰店
0,美大 （MEIDA）时尚之星1209E不锈钢台面+900JX集成水槽洗碗机 黑色 天然气,26570.00,美大官方旗舰店
0,美大 （MEIDA）时尚之星1209E不锈钢台面+900JX集成水槽洗碗机 镜面色 液化气,26570.00,美大官方旗舰店
0,美大 （MEIDA）时尚之星1209E 钢化玻璃台面 +900JX集成水槽洗碗机 天然气,28870.00,美大官方旗舰店
9,美大 （MEIDA）G6蒸箱款 钢化玻璃台面 + 900JX集成水槽洗碗机 黑色 天然气,34760.00,美大官方旗舰店
9,美大 （MEIDA）G6蒸箱款 钢化玻璃台面 + 900JX集成水槽洗碗机 黑色 液化气,34760.00,美大官方旗舰店
0,美大 （MEIDA）G3钢化玻璃台面+家用净水器直饮机 新品758A 天然气,16070.00,美大官方旗舰店
0,美大 （MEIDA）G6蒸箱款 钢化玻璃台面 + 家用净水器直饮机 新品758B 液化气,19560.00,美大官方旗舰店
0,美大 （MEIDA）时尚之星1209E不锈钢台面+家用净水器直饮机 新品758A 镜面色 天然气,15470.00,美大官方旗舰店
0,美大 （MEIDA）时尚之星1209E不锈钢台面+家用净水器直饮机 新品758A 镜面色 液化气,15470.00,美大官方旗舰店
0,美大 （MEIDA）G3钢化玻璃台面+900JX集成水槽洗碗机 黑色 天然气,29570.00,美大官方旗舰店
0,美大 （MEIDA）G3钢化玻璃台面+家用净水器直饮机 新品758A 液化气,16070.00,美大官方旗舰店
0,美大 （MEIDA）时尚之星1209E 钢化玻璃台面 +900JX集成水槽洗碗机 液化气,28870.00,美大官方旗舰店
0,美大 （MEIDA）时尚之星1209E不锈钢台面+900JX集成水槽洗碗机 黑色 液化气,26570.00,美大官方旗舰店
10+,美大 （MEIDA）G6蒸箱款 钢化玻璃台面 +嵌入式电烤箱MDDK-60A套装 液化气,19360.00,美大官方旗舰店
0,美大 （MEIDA）时尚之星1209E 钢化玻璃台面 +家用净水器直饮机 新品758B 液化气,15670.00,美大官方旗舰店
0,美大 （MEIDA）时尚之星1209E不锈钢台面+家用净水器直饮机 新品758A 黑色 天然气,15470.00,美大官方旗舰店
0,美大 （MEIDA）时尚之星1209E不锈钢台面+家用净水器直饮机 新品758A 黑色 液化气,15470.00,美大官方旗舰店
0,美大 （MEIDA）时尚之星1209E不锈钢台面+900JX集成水槽洗碗机 镜面色 天然气,26570.00,美大官方旗舰店
500+,美大 （MEIDA）集成灶 蒸箱 燃气灶烟灶抽油烟机 集成灶G55Z飞扬蒸箱款JJZT-55855Z 官配 天然气,,美大京东旗舰店
